Магазин "GameHub";г. Донецк, ул. Артёма, 1
1001;Steel Horizon;macOS;2018;Adventure;BlueBrick;Studio K;26633;0;18+;5738
1002;Quantum Fields;macOS;2020;Simulation;NovaWorks;CloudNine;38664;1;6+;3559
1003;Echoes of Mars;macOS;2025;Shooter;OrionSoft;Studio K;22170;1;18+;4504
1004;Quantum Fields;Windows;2017;Strategy;NovaWorks;Team North;32285;1;16+;4517
1005;Last Signal;macOS;2007;RPG;SilverGate;RedFox Lab;41615;1;18+;5353
1006;Crystal Rift;macOS;2015;Adventure;ArcLight;Delta Dev;18589;0;12+;5072
1007;Silent Harbor;Linux;2010;Simulation;NovaWorks;CloudNine;41909;0;0+;5729
1008;Neon Circuit;Linux;2019;Strategy;SilverGate;CloudNine;25452;1;12+;4660
1009;Frontier Dawn;Linux;2006;Adventure;OrionSoft;IronTree;11511;0;6+;4067
1010;Neon Circuit;macOS;2021;Racing;ArcLight;RedFox Lab;33938;0;6+;4003
1011;Night Runner;Windows;2015;Simulation;ArcLight;Studio K;11007;0;18+;5225
1012;Crystal Rift;Windows;2014;Strategy;BlueBrick;RedFox Lab;23941;0;0+;3219
1013;Red Fortress;Windows;2011;Shooter;ArcLight;Delta Dev;35612;0;6+;4913
